{"version":"0.4","title":"Scroll-and-load-single-post","type":"section","content":[{"id":"1e9a2f69","settings":{"_element_id":"single-post-container","margin":{"unit":"px","top":"50","right":0,"bottom":"50","left":0,"isLinked":true}},"elements":[{"id":"35ac4b4e","settings":{"_column_size":100,"_inline_size":null},"elements":[{"id":"4bf176cc","settings":{"__dynamic__":{"title":"[elementor-tag id=\"\" name=\"post-title\" settings=\"%7B%22before%22%3A%22%22%2C%22after%22%3A%22%22%2C%22fallback%22%3A%22%22%7D\"]"},"title":"Add Your Heading Text Here"},"elements":[],"isInner":false,"widgetType":"theme-post-title","elType":"widget"},{"id":"1f2ff834","settings":{"icon_list":[{"type":"author","selected_icon":{"value":"far fa-user-circle","library":"fa-regular"},"_id":"ddf47f0","date_format":"default","custom_date_format":"F j, Y","time_format":"default","custom_time_format":"g:i a","taxonomy":[],"text_prefix":"","show_avatar":"","avatar_size":{"unit":"px","size":"","sizes":[]},"avatar_size_tablet":{"unit":"px","size":"","sizes":[]},"avatar_size_mobile":{"unit":"px","size":"","sizes":[]},"comments_custom_strings":false,"string_no_comments":"","string_one_comment":"","string_comments":"","custom_text":"","link":"yes","custom_url":{"url":"","is_external":"","nofollow":"","custom_attributes":""},"show_icon":"default"},{"type":"date","selected_icon":{"value":"fas fa-calendar","library":"fa-solid"},"_id":"177e299","date_format":"default","custom_date_format":"F j, Y","time_format":"default","custom_time_format":"g:i a","taxonomy":[],"text_prefix":"","show_avatar":"","avatar_size":{"unit":"px","size":"","sizes":[]},"avatar_size_tablet":{"unit":"px","size":"","sizes":[]},"avatar_size_mobile":{"unit":"px","size":"","sizes":[]},"comments_custom_strings":false,"string_no_comments":"","string_one_comment":"","string_comments":"","custom_text":"","link":"yes","custom_url":{"url":"","is_external":"","nofollow":"","custom_attributes":""},"show_icon":"default"},{"type":"time","selected_icon":{"value":"far fa-clock","library":"fa-regular"},"_id":"ade0e6c","date_format":"default","custom_date_format":"F j, Y","time_format":"default","custom_time_format":"g:i a","taxonomy":[],"text_prefix":"","show_avatar":"","avatar_size":{"unit":"px","size":"","sizes":[]},"avatar_size_tablet":{"unit":"px","size":"","sizes":[]},"avatar_size_mobile":{"unit":"px","size":"","sizes":[]},"comments_custom_strings":false,"string_no_comments":"","string_one_comment":"","string_comments":"","custom_text":"","link":"yes","custom_url":{"url":"","is_external":"","nofollow":"","custom_attributes":""},"show_icon":"default"},{"type":"comments","selected_icon":{"value":"far fa-comment-dots","library":"fa-regular"},"_id":"e82628a","date_format":"default","custom_date_format":"F j, Y","time_format":"default","custom_time_format":"g:i a","taxonomy":[],"text_prefix":"","show_avatar":"","avatar_size":{"unit":"px","size":"","sizes":[]},"avatar_size_tablet":{"unit":"px","size":"","sizes":[]},"avatar_size_mobile":{"unit":"px","size":"","sizes":[]},"comments_custom_strings":false,"string_no_comments":"","string_one_comment":"","string_comments":"","custom_text":"","link":"yes","custom_url":{"url":"","is_external":"","nofollow":"","custom_attributes":""},"show_icon":"default"}]},"elements":[],"isInner":false,"widgetType":"post-info","elType":"widget"},{"id":"4b859b16","settings":[],"elements":[],"isInner":false,"widgetType":"theme-post-content","elType":"widget"},{"id":"494b26ab","settings":{"_skin":"theme_comments"},"elements":[],"isInner":false,"widgetType":"post-comments","elType":"widget"},{"id":"1995436d","settings":{"text":"Divider","color":"#EEEEEE","gap":{"unit":"px","size":50,"sizes":[]}},"elements":[],"isInner":false,"widgetType":"divider","elType":"widget"},{"id":"258a028b","settings":{"_element_id":"widget-container"},"elements":[{"id":"42fd3b16","settings":{"_column_size":100,"_inline_size":null},"elements":[{"id":"57d1320","settings":{"apply_type_setting":"load-more","pagination_for_setting":"elementor-pro-single-post","bottom_offset_setting":50,"widget_setting":"#widget-container","loading_image_setting":"#loading-image-container","no_more_items_setting":"#no-more-items-container","load_more_setting":"#load-more-container","single_post_setting":"#single-post-container"},"elements":[],"isInner":false,"widgetType":"scroll-and-load-widget","elType":"widget"}],"isInner":true,"elType":"column"}],"isInner":true,"elType":"section"},{"id":"42bbc618","settings":{"_element_id":"loading-image-container"},"elements":[{"id":"6f932ac2","settings":{"_column_size":100,"_inline_size":null},"elements":[{"id":"44bcceb8","settings":{"image":{"url":"http:\/\/www.scrollandload.com\/wp-content\/uploads\/2020\/05\/loader.gif","id":429}},"elements":[],"isInner":false,"widgetType":"image","elType":"widget"}],"isInner":true,"elType":"column"}],"isInner":true,"elType":"section"},{"id":"79e80b09","settings":{"_element_id":"no-more-items-container"},"elements":[{"id":"3266d40a","settings":{"_column_size":100,"_inline_size":null},"elements":[{"id":"49b44024","settings":{"title":"No more posts","align":"center","typography_typography":"custom","typography_text_transform":"capitalize"},"elements":[],"isInner":false,"widgetType":"heading","elType":"widget"}],"isInner":true,"elType":"column"}],"isInner":true,"elType":"section"},{"id":"22e87af5","settings":{"_element_id":"load-more-container"},"elements":[{"id":"4197b784","settings":{"_column_size":100,"_inline_size":null},"elements":[{"id":"4a9bf8f9","settings":{"text":"Next Post","align":"center"},"elements":[],"isInner":false,"widgetType":"button","elType":"widget"}],"isInner":true,"elType":"column"}],"isInner":true,"elType":"section"}],"isInner":false,"elType":"column"}],"isInner":false,"elType":"section"}]}